start	end	text
0	3360	คอนเซ็ปต์ของ Pthanacotinoat อาจจะไม่ได้เฮลิเตเทคมาก
3360	5360	หัวใจมันคือ เราต้องใส่ใจเขานั้นแหละ
5360	8720	เราจะใส่ใจพื้นที่การเกษตรของเราอย่างไร
8720	12040	ให้หมั่นดูแล
12040	14880	ปรับปรุงมีวันหาอะไร ก็ทำสมบัติเสมอ
14880	18780	แต่ว่าการใส่ใจตั้งใจ ทำสมบัติเสมอ
18780	20940	ถ้ามันไม่มีเครื่องมือ มันทำได้ยาก
20940	23500	พื้นที่... เราปลูกผ่าคหน้าบ้าน ออจะพื้นที่เล็ก
23500	25740	แต่พอธรรมรกาศเกษตรพื้นที่ใหญ่
25740	30760	จะเข้าไปดูแลทุก ๆ สุด ทุก ๆ ต้น ทุก อย่าง
30760	32740	ถ้ามันไม่มีเครื่องมือมาช่วย เนี่ย
32740	34580	มันเป็นไปไม่ได้เหลึ
34580	37960	ท่าน ธรรมรกาศเกษตรถุงจุด นี้
37960	39120	ตั้งแต่โอเค
70120	74520	นี่คือเริ่มแรกเราเก็บข้อมูล
74520	77240	คอมูลอันหนึ่งก็คือ พัฒน์ถ่าย
77240	80160	พัฒน์ถ่ายของ ๆ แปงพืช
80160	84240	เราเลือกใช้พัฒน์ถ่ายจากดรอน
84240	86200	มากกว่าพัฒน์ถ่ายดาวเทียม
86200	89460	จริง ๆ ทั้งคู่ก็มีประโยชน์ที่แตกต่างกัน
89460	90960	ดาวเทียมเนี่ยมันโคโจ petrolab รอบโลกอยู่แล้ว
90960	92520	มันได้ข้อมูลทั้งโลก
92520	98520	แต่จุดที่ ภาพถ่ายจากดรอนมันเหนือกว่ามี 2 จุดก็คือ
98520	102520	Spatial resolution หรือความละเอียดเชิงพื้นที่
102520	104520	คำสับที่เขาใช้อันหนึ่งก็คือเป็น
104520	106520	Ground sampling distance ก็คือ
106520	110520	หนึ่งจุดของภาพเนี่ยมันคอบคุมพื้นที่ขนาดไหน
110520	112520	ถ้าเปรียบเทียบภาพถ่ายของดรอนเนี่ย
112520	116520	เราสามารถได้ความละเอียดที่ 50 cm ต่อ 1 pixel
117520	120520	ซึ่งเราสามารถเห็นละเอียดของต้นไม้ได้
120520	123520	ในคณะที่ภาพถ่ายจากดาวเทียมเนี่ย
123520	126520	มันอาจจะละเอียดได้แค่ 15 m ต่อ pixel
126520	131520	ซึ่งเราไม่สามารถรู้ได้เลยว่ามันเกิดอะไรขึ้นในพื้นที่นั้น
131520	135520	เราเห็นมาแค่จุดเดียวก็คือมันใหญ่กว่าต้นไม้ทั้งต้นแล้ว
138520	141520	อีกจุดนึงก็อันนี้เปรียบเทียบ
142520	148520	เป็นภาพสีแล้วก็ภาพ multispectrumของโดนและไดวเทียม
148520	150520	ก็เจอเห็นเลยว่าภาพจากดาวเทียมเนี่ย
150520	156320	เรารอเห็นแนวนมแปลกว่าแปลงนี้ Clear
156320	157520	แปลงข้าง ๆ มันดี มันดี
157520	160520	แต่เราไม่สามารถแยกเลยว่าต้นนี้มันดีไม่ดี
160520	164520	แต่ว่าภาพถ่ายจากโดนน่ะซึ่งมันว่าเลี้ยด แยกได้ถึงขนาดนั้น
164520	168520	ทำให้เรามีข้อมูลที่มากกว่า ตัดสินใจได้ดีกว่า
172520	174520	อีกเรื่องหนึ่งก็คือความเลี้ยดในเชิงเวลา
174520	178520	ดาวเที่ยมเนี่ย เออ มันไม่ได้ข้างฟ้าอยู่ที่เดิม
178520	179520	มันโคจร Frankie Bellen McGraw
179520	183520	แล้วกว่ามันจะกลับมาที่เดิมเนี่ย มันหลักเป็นวัน
183520	185520	และการที่มันกลับมาที่เดิม
185520	187520	มันไม่แปลว่าจะได้ข้อมูลที่เราอยากได้
187520	191520	ถ้ามันกลับมาที่เดิมแล้ววันนั้นฝนตก หรือมีเม cheeksมาก
191520	195520	เราก็พลาดโอกาสที่จะได้ข้อมูลตรงนั้นไป
195520	197520	การที่เราใช้โดรงตร์เนี่ย
197520	200520	ทำให้เรากายข้อมูลตามความต้องการ
200520	203520	ในขณะนั้นที่เราต้องการได้เลย
203520	208520	แล้วก็เราใช้อะไรในการเก็บข้อมูลภาพถ่ายทางอากาศนะครับ
208520	213520	อันนี้จะเปิดวีดีโอตัวโดรนที่เราพัฒนาขึ้นมา
213520	217520	สำหรับงานสำรวจการทำแผ่นที่
223520	230520	ก็เป็นเราเคยเห็นโดรนที่เป็นปีกหมุน บินขึ้นลงแล้วก็ถ่ายภาพได้
231520	235520	ข้อสัมผัสของมันอาจจะควบคุมพื้นที่ได้ขนาดนึง
235520	239520	แต่ตูว่าเมื่อเปรียบเทียบกับเครื่องบินที่ใช้ปีกภาพบิน
239520	243520	มันก็กับอาเซเนซีสูงควาด ขอบคุมพื้นที่ได้เยอะ
243520	247320	ตัวเว็ดท่ายตัวเดิมตอนที่เป็นดรูอนที่และมันก็ bulbiled
247320	251320	มันก็เป็นโดนที่ทะยะควาบความคือ ขึ้นลงแนวดิ่ง
251320	254320	จะมีข้อดี ร่วมข้อดีของสองอย่างเข้าด้วยกัน
254320	258320	คือมันใช้พื้นที่น้อย ทำงานได้ง่าย ขึ้นลง
258320	260320	ถ้าเคยเห็นวิดีโอ จรวด spacex ก็เป็นอย่างนั้น
260320	265320	คือขึ้นไป แล้วก็เปลี่ยนการอากาศบินเหมือนเครื่องบิน
277320	279320	เวชภัณฑ์ขนาดเล็กอะไรพวกนี้
279320	282320	ก็สามารถนำไปใช้ได้นะครับ
282320	286320	ตัวเครื่องก็พามาเป็น carbon fiber
286320	287320	ทำให้มีน้ำหนักเบา
287320	290320	แล้วก็มีประสิทธิภาพในการทำงาน
290320	292320	ควบคุมบินที่ได้มาก
295320	298320	เราก็สามารถติดตั้งพวก computer on board
298320	300320	ในการควบคุมประมวลผล ระบบสื่อสาร
300320	304320	ไม่ว่าจะเป็นขึ้นวิทยุ หรือว่าใช้ 4G 5G อะไรพวกนี้
304320	308320	เราสามารถทำงานร่วมกับตัวโดนตัวนี้ได้นะครับ
317320	319320	แล้วก็ตัวโดนก็ทำงานกับโดนมัส
319320	322320	เราก็มี software ที่ใช้ในการวางแผนว่า
322320	324320	ต้องการให้มัน cover พื้นที่ตรงไหน
324320	326320	แผนการบินเป็นยังไง
326320	327320	ถ่ายภาพโดยเว้นไหน
327320	330320	แล้วก็เพื่อเก็บข้อมูลขึ้นมาประมวลผลต่อไปนะครับ
334320	358320	โอเค ถึงนี้พอเราได้ข้อมูลมาแล้วเนี่ย
358320	361320	เราเอามาวิคล้อใช้ประโยชน์อะไรจากมันได้บ้าง
361320	365320	เริ่มต้อนช่วงเตรียมพื้นที่
365320	370320	เราสามารถใช้ข้อมูลพาผาทายเผื่อมาดู
370320	374320	ว่าพื้นทีนั้น รับเหลียบไหม ได้อาดาบไหม
374320	378320	การที่เราเตรียมแปลงให้มันรับเหลียบกว่า
378320	381320	1 ก็คือทำให้การเกิดกรรมทำงานได้ง่ายค่ะ
381320	384320	แล้วก็...ภื่อการที่ปลูกเป็นระเบียบเนี่ย
384320	388320	มันก็เป็นระเบียบดูแลงงให้ได้ผลผลิตดีกว่า
388320	391320	การที่เตรียมพื้นที่ให้
391320	398320	งานการเช���การเซฟบางอย่าง ต้องการพื้นที่ที่รับเหลี่ยบเลย
398320	400320	งานบางอย่างเขาต้องให้สโลปเล็กน้อย
400320	404320	เพื่อให้น้ำมันไหลจากหัวแปลงไปถ้ายแปลงได้ง่าย
404320	408320	ทำให้ประหยัดต้นทุนในการต้องทำระบบชนระทาน
408320	410320	เพื่อส่งน้ำจากหัวแทงแปลงไปถ้ายแปลง
410320	413320	ถ้าเกิดทำสโลปเลยเนี่ย น้ำมันก็ค่อยๆอาหลายไปเอง
413320	415320	ตามธรรมชาติ ตามแรงนมถ่วงได้
415320	419320	ก็เริ่มมาเราก็ใช้ข้อมูลพวกนี้ตั้งแต่การเตรียมแปลงเลย
423320	425320	ถัดมาก็ อย่างที่เมื่อกี้ให้ดูว่า
425320	429320	เราสามารถใช้ข้อมูล Multi Spectrum
429320	433320	พึ่นมันเข็งแรงไหมมีโรคไหม
434320	436320	มีตัวไหนที่ไม่เข็งแรง
436320	439320	เราสามารถวิคอได้เรียบเป็นจุดๆ
439320	441320	ว่าโซนนี้ loin our
441320	455320	ก็อาจจะรู้ได้ว่า
455320	457320	นอกจากดูความเข็งแรงแล้วเนี่ย
457320	459320	เรายังสามารถทำมordeo
459320	461320	เพื่อวิคอต่อไปได้
461320	463320	เช่นในอ้อย
463320	468320	เราสามารถประเมินความหวานในอ้อยได้
468320	470320	เขาจะเรียกว่าเป็นคากไบริ๊ค
472320	474320	และทรัพย์ตรงกลางเป็นคารุ่นทรี
474320	476320	พารั้งซ้ายเร specs odes
476320	478320	ข้าคอเตคของคาดนองตาละยังไง
481320	483320	และถ้าเราประเมินได้ว่า
483320	485320	็ว่าต้นอ้อยมันสูงขนาดไหน
485320	487320	ในแป้งนันมีพื้นที่เท่าไหร่
487320	489320	มันมีวอลุมเท่าไหร่
489320	491320	จะมี... ผลผลิจกี่ตัน
491320	493320	แลณถ้าเรารู้ว่ามันมี content ของน้ำตาล
493320	495320	ก็สามารถประเมินผลผลิจสนุค
495320	499320	ว่าไป้งนี้มันจะมีน้ำตาลได้ countdown数ได้
505320	507320	อันนี้ก็จะเป็นภารกิจตัวอาหาร
507320	509320	เปิดเราใส่ใว้ข้อ childcare
509320	510880	หรือไม่
510880	514880	ตอนนี้ content ของน้ำตาลมันเพิ่มขึ้น
514880	516880	แนวนมเป็นยังไง
516880	518880	มันเพิ่มขึ้นหรือลดลง
518880	520880	หรือถึงจุดที่เหมาะสมแล้วหรือยัง
520880	526880	แปลงมันมีค่าความหวานสำหรับเสมอทั่วพื้นที่หรือเปล่า
530880	532880	ทีนี้พอได้ข้อมูล
532880	536880	เราก็มาวางแผนต่อว่า
536880	538880	แล้วจากข้อมูลที่เราวิคอมมาได้
538880	542880	เราจะตอบสะนองกับมันยังไงได้บ้าง
542880	544880	แล้วก็สามารถมาดูอย่างถ้าพื้นมันขาดน้ำเวยๆ
544880	546880	หรือขาดสาติอาหารなたุ Quemery
546880	556880	หรือ รวรรณ์ พื้น มะแรง
556880	558880	เราสามารถดูแลเฉพาะจุดได้
558880	560880	แทนที่เราไม่มีข้อมูลแบบนี้
560880	562880	เราอาจจะต้องให้ปุหยเท่างแปลงเลย
562880	564880	รู้ว่าเพิ่มน้ำเท่าแปลงเลย
684880	694880	ต่อไปก็เป็นการแอคชั่นแล้วว่า
694880	700880	เรารู้ว่าถ้าเราต้องให้ปุหยให้สันเชมี
700880	702880	และต้องการให้เพิ่มช้อจ่อจงไปไหน
702880	706880	เราก็สามารถใช้โดนเข้าไปช่วย
706880	712880	ในการพ้นยา พ้นปุหย พ้นฮอมโมนให้พืชได้
713880	720880	เมื่อข้อมูลเมื่อ สันนี้
720880	722720	อันหนี้มีสองนโลก
722720	723440	จริงๆแล้ว
723440	724380	ส investigate ของเราก่อน
724380	725160	โคตรใกล้ใจ
725160	727480	อันนี้ก็จะเป็นโดนที่ชื่อว่าไทยกระดôนะ
727480	728860	ที่เป็นโดนที่เราพัฒนาขึ้นมา
728860	730640	ก็จะเป็นโดนที่พัฒนามา
730640	733500	เพื่อสำหรับงานฉีดผ่นทางการเกราะเศよね
764320	767820	เพื่อแต่ละชนิดจะต้องบินรักษณะไหน
767820	769620	บินเร็วเท่าไหร่
769620	772500	เพื่อให้คบคุมกลุ่มอำมาตย์น้ำ
772500	774500	และให้น้ำได้อย่างเหมาะสม
774500	776500	ตัว software เราก็
776500	778900	วางแผ่นการบินเราก็พัฒนาขึ้นมา
778900	781500	เพื่อตอบจวดพรุ่งนี้
781500	783900	เพราะเราคุยกับเกษตรกร
783900	786400	เรารู้ว่าเทคนิดการทำงานก็เป็นยังไง
787300	790100	การผสมขาดนั้นจะมีการใช้งานเป็นยังยร์
790100	793300	ตัว software ก็สามารถคำนวลให้ได้
793300	797300	ว่าพื้นที่ใหญ่เท่านี้จะฉี่ดผ่นสาฬนเชมีนี้
797300	800400	ด้วยพื้นที่เท่านี้มันจะต้องใช้สานเคมีขนาดไหน
800400	802600	ถ้าใช้สานเคมีขนาดนี้แล้ว
804100	807100	แล้วต้องผสมสานเคมีต่อน้ำเท่าไหร่
807100	808680	บินหนึ่งรอบด้วยแบตเตอรี่
808680	810520	ด้วยสานเท่านี้
811020	813520	ถ้าแปลงใหญ่เท่านี้ มันจะต้องบิน
813520	816520	แล้วแบตหมด น้ำหมดตรงไหน กลับมาเติมตรงไหน
816520	819520	แล้วบินครั้งต่อไปจะต้องใช้สานเท่าไหร่
819520	822020	Software ก็จะช่วยประโมนผล คิดตัดสินใจ
822020	826020	แล้วก็แจ่งให้กระเศรษฐกรทำตามนั้น
826520	830520	จะได้ไม่ต้องมานั่งดาวว่า ยังใช้เยอะขนาดไหน
830520	833520	มีการคิดตัดสินใจให้อย่างเป็นระบบ
834520	837620	แล้วก็ การบินเป็นอย่างที่ว่า
837620	839520	เราสามารถควบคุมให้กระแยงแม่นยำ
839520	843520	เราก็ทำให้มันบินแล้ว พ้นสารกิมี
843520	847520	ได้ทั่วถึงเสมอ เพิ่มมากเป็นพิเศษ
847520	848520	ในบางจุดที่มันต้องการ
848520	850520	หรือว่าโดยรูปแบกการบิน
851520	853520	ถัวปลางใทพังที่มันถึงต้องชะรา
853520	855520	ทำอย่างไรให้สารกิมี
855520	856520	ไม่ไปลงบริเวณนั้นเยอะ
856520	859520	รูปแบกการบินจะต้องยกตัวขึ้ม
859520	862520	ไม่ให้ลมมันตีแรง หยุดพ้นช่วาข้าว
862520	865520	เพื่อให้ไม่มีสารไปลงตรงนั้น
865520	867520	ตัวซอฟแวททั้งสองที่ผมสั่งเชียงใจ
867520	869520	มันก็สามารถควบคุมทำงานได้อย่างแม่นยำ
869520	873520	แล้วก็ในกลุ่มที่พื้นที่มันใหญ่มาก
873520	876520	ดรวนตัวหนึ่งไม่สามารถทำงานควบคุมได้ทันเวลา
876520	879520	ดรวนหลายๆตัวก็สามารถทำงานพร้อมๆกันได้
879520	882520	วางแผนแล้วก็ส่งแผนการบินให้
882520	884520	ดรวนหลายๆวัยเรางทำงานพร้อมกัน
884520	886520	เป็นการถืนแรงปะหยัดเวลา
886520	889520	แทนที่สารการคนหนึ่งจะทำได้เท่านี้
889520	892520	ก็สามารถทำได้ในเวลาที่เท่ากัน
892520	895520	โปรดติดตามตอนต่อไป
922520	924520	ก็สร้างไหล่ดาลให้กับเขาย lambdaio.com เยอะกว่าด้วย
924520	926520	เพราะว่าเกษรรทธิกอนก็ไม่ได้พ้นเองหรอก
926520	927520	เขาก็จ่าง
927520	931520	ก็ผู้รับจ่าง เขาก็ทำงานได้เยอะขึ้นในต่อวัน
935520	939520	แล้วก็นิ่ง ๆ นอกเหนื่อยจากตัวโดรนที่เป็น commercial
939520	941520	อ่ะ โปรดักของเราเนี่ย
941520	944520	เราก็ยังมีการ มีอย่างธรรมดต์
944520	946520	อย่างอื่นที่เรามีการ
946520	950520	อ่ะ ใช้งานรักษณะอื่น หรือทดลองใช้ที่
950520	952520	ปัจจุบันยังไม่ได้ใช้การเกษร แต่สามารถอันประยุค
952520	954520	ใช้การเกษรได้
954520	956520	โอเค
965520	967520	ก็อาจจะเป็นตัวผลยนภาคพื้นที่
967520	969520	อ่ะ สามารถเข้าไปทำงาน
969520	971520	ในที่ต่าง ๆ แทนคนได้
971520	975520	อ่ะ อย่างเช่น อ่า เอาไปรับส่งของ แบกของหนัก ๆ
975520	975520	
977520	978520	ในฟาร์ม
978520	981520	ที่ทำให้เราไม่ต้องไปเสียงกับการสัมผัส
981520	983520	กับโลรก สัตว์ และพวกนี้
983520	985520	แล้วก็อาจจะไปทำงานใน lines
985520	987520	ช่วยในการ วัดเก็บข้อมุน
987520	989520	หรือเข้าไปฉีด พ้น ตัด
989520	993520	อ่า วัจฉะพืช อะไรพวกนี้เป็นต้น
995520	998520	ย่อ เป็น เป็นขุนเยินภาคพื้นตัวหนึ่ง
998520	1002520	ที่สามารถเข้าไปทำงานตามพื้นที่ต่าง ๆ แทนได้นะครับ
1013520	1014520	โอเค
1015520	1017520	โอเค หรืองานผิวน้ำ
1022520	1025520	แล้วก็สามารถมีเรือที่เข้าไป
1031520	1036520	ทำแผ่นที่ว่า บ่อน้ำนี่มันลึกเท่าไหร่
1036520	1038520	พื้นที่เท่าไหร่ ปล่อยมากกับเก็บน้ำได้เท่าไหร่
1038520	1040520	สามารถวางแผ่นได้ว่า โอเค
1040520	1042520	บ่อนี้ มันจะ ท่าน่าฝนมา
1042520	1044520	มันจะลองรับปล่อยมา น้ำกับเก็บได้เท่าไหร่
1044520	1045520	หรือว่า
1045520	1047520	ถ้าเอาไปใช้ในงาน
1047520	1050520	ตรวจuatesพื้นทถาภาภ
1050520	1052520	วัดค่าต่าง ๆ ของน้ำ
1052520	1055520	ว่าน้ำ มีความ สะสะอากระเพาะ สกปกขนาดไหน
1055520	1057520	มี เชื้อโรคอะไรไหม
1057520	1059520	หรือถ้าเกิดกาลลี้งสันน้ำ
1060520	1062520	เรียนสันน้ำ ก็สามารถเอาไปใช้
1062520	1064520	ตรวจบรรควัลภาพน้ำ
1064520	1067520	ไปมอนนิตเตอร์ การเรียนสันน้ำได้ เช่นกันนะครับ
1067520	1069520	ตัวเรียก็
1069520	1071520	สามารถติดต่างอุปกรณ์ได้ ใหญ่ ๆ อย่าง
1071520	1073520	เช่น เครื่องวัดความขลุด
1073520	1074520	เครื่องวัด
1074520	1075520	ค่า
1075520	1077520	ควรภาพ น้ำได้
1089520	1097520	การทำงานทางวันก็จะคล้าย ๆ กับดรอน
1097520	1099520	ก็คื่อเราก็สามารถ
1099520	1101520	วางกรอบการทางองานทางวันได้ว่า
1101520	1103520	พื้นที่ที่ต้องการให้มันสำวกก็เป็น
1103520	1105360	พื้นที่ขนาดไหน
1105360	1106520	ต้องการให้มันเขิญที่
1106520	1108520	เข้าควบคุมพืนที่อย่างไร
1108520	1114520	Kennethformation respectful
1114520	1116520	โอเค
1116520	1118520	ตัวเรือก็สามารถติดเครื่องมือวัด
1118520	1120520	เช่นกอรีนี้เนี่ยประติดโซนน่า
1120520	1122520	วัดความหลึกของน้ำ
1122520	1124520	มึงก็จะวัดลงไป ส่งขึ้นเสียงลงไป
1124520	1126520	สตรอสตรอนกลับมาว่า
1126520	1128520	ท้องวันนreme.assets เรื่อนนั้นลึก gehörtหลาย
1128520	1130520	เรื่อนข้างเเขียงลึกเถอะหลัย
1130520	1132520	เราก็สามารถมาพร้อมโวนขอบมูลกัน
1132520	1134520	บริเวณอ่านเก็บน้ำน่ะเนี้ย
1134520	1136520	มันมีแผ่นที่ความลึก
1136520	1138520	เพื้อนผิวเป็นยังไงลึกเถอะหลัย
1138520	1140520	เราก็สามารถมาลวงขอบมูลกับ
1140520	1142520	แผ่นที่ทั้งอากาศ
1142520	1144520	ก็จะได้เป็นเป็น
1144520	1158520	แผ่นที่ทางฝูมิสัยของ
1158520	1160520	พื้นที่เบอร์เว่นนั้น
1160520	1162520	ทั้งเหนือน้ำและใต้น้ำ
1249520	1251520	อันนี้เราก็พาให้มา
1251520	1253520	ซอบแบร์เทสต์
1253520	1255520	แล้วก็นำไปทดสอบในทะเลมานะครับ
1279520	1281520	ก็จะเป็นภาพการทำงาน
1281520	1283520	ว่ามันลงไปแล้วมันก็สามารถ
1283520	1285520	วัดค่าต่าง ๆ
1285520	1287520	ส่งกลับมาให้บนผิวน้ำ
1287520	1289520	รับทราบได้
1289520	1291520	โดยที่เราไม่ต้องลงไปทำงาน
1291520	1293520	เสียงเองใต้น้ำนะครับ
1308520	1310520	ก็จะเป็นค่าที่มันวัด
1310520	1312520	มีทั้งภาพที่ถ่ายมา
1312520	1314520	แผ่นที่ ทางน้ำ
1314520	1316520	ก็เป็นสิ่งที่สามารถ
1316520	1318520	ตรวจวัดและเก็บค่าขึ้นมาได้นะครับ
1328520	1330520	โอเค
1330520	1332520	อันนี้ก็เป็นตัวอย่าง
1332520	1334520	ตัวเราไม่ต้องลงไปทำงาน
1334520	1336520	ส่งกลับมาให้บนผิวน้ำ
1336520	1338520	ก็เป็นตัวอย่าง
1338520	1340520	ตัวระบบยามหาธรรมดาต่าง ๆ
1340520	1342520	ที่สามารถมา
1342520	1344520	ช่วยเหลือ ช่วยงานเราได้
1350520	1352520	ก็ถ้าจะกล่าวโดยสรุปก็คือ
1352520	1354520	เราเชื่อว่า
1358520	1360520	อาจจะไม่ใช่ว่า 1 บวก 1 มันได้ 2
1360520	1362520	แต่เราเชื่อว่าเทคมิงคุณยนเนี่ย
1362520	1364520	ถ้ามาทำงานร่วมกับคน
1364520	1366520	มีจุดเด่นแบบตกตามvan
1370520	1372520	มันได้แรงงานที่เยอะขึ้น
1372520	1374520	การคิดตัดสัญญาณที่ดีขึ้น
1374520	1376520	ทำงานได้ตรงจุดมากขึ้น
1376520	1378520	ได้ผลรับที่มากขึ้น
1378520	1380520	ในเวลาที่ดีขึ้น
1380520	1382520	แล้วก็ถ้ารวมความสามารถ
1382520	1384520	ทางโดเมนท์ไอประชิต
1384520	1386520	ความสามารถชะวยพอทาง ของคน
1386520	1388520	ความสามารถของหุ่นยนต์
1388520	1390520	เราก็สามารถพิชิต
1390520	1392520	ความยากบันบากความระทาย
1392520	1394520	ในทุกเรื่องๆได้
1398520	1400520	ถ้าเกิดมีข้อสงสัยสักถาม
1400520	1402520	ก็ยินดี
1416520	1418520	ครับ
1424520	1426520	ครับ
1426520	1428520	ครับ
1430520	1432520	อ่า
1434520	1436520	เราไม่ได้ทำเซอร์วิซการบินโดน
1436520	1438520	เองดับต้องครับ
1438520	1440520	เราขายตัวโดนแล้วก็
1440520	1442520	ให้บริการการประมวลผลภาพ
1442520	1444520	คือลูกค้าจะซื้อโดนของเราไปก็ได้
1444520	1446520	หรือใช้โดนที่เขามีอยู่แล้วก็ได้
1446520	1448520	แล้วก็อัพโหลดภาพขึ้นมาในระบบ
1448520	1450520	เราก็สามารถต่อภาพวิคอ
1450520	1452520	แสดงผลให้ได้ครับ
1464520	1466520	ครับ
1466520	1468520	ครับ
1468520	1470520	ครับ
1478520	1480520	ก็
1480520	1482520	เท่าที่สามก็มี
1482520	1484520	บริการที่นำภาพถ่ายทางดาวเที่ยม
1484520	1486520	มาใช้มี
1486520	1488520	Recountอะไรแบบนี้ที่เขาใช้ภาพถ่าย
1488520	1490520	แต่ผมไม่แน่ใจเรiyะตว่าเขาใช้
1490520	1492520	ภาพถ่ายศักดาวเที่ยมลักษณะไหน
1492520	1494520	เป็น Low Orbit หรือว่าเป็นอย่างไรอย่างนี้
1494520	1496520	เท่าที่สามนารยายนะครับ
1516520	1518520	เท่าที่สามคือ
1518520	1520520	ลูกค้าของเราเขาก็ใช้ใน
1520520	1522520	พื้นที่ตัวเองไม่ได้เอาไป
1522520	1524520	ลันเซอร์วิสให้คนอื่น
1530520	1532520	อันนี้ผมไม่แน่ใจว่ามี
1532520	1534520	บริษัทไหนที่ทำหรือเปล่า
1534520	1536520	แต่ว่าลูกค้าส่วนมากของเราก็คือ
1536520	1538520	ซื้อไปใช้ในพื้นที่ตัวเองครับ
1552520	1554520	ยังไม่ทราบคนว่ามีใคร
1554520	1556520	ที่ทำเซอร์วิสจากข้างหน้านั้นครับ
1572520	1574520	อันนี้เป็นฟิดแบต เผื่อว่า
1574520	1576520	มีโอกาสจะได้เจอ
1576520	1578520	ใครที่ทำงานที่อื่น หรือว่าเราอาจจะมี
1578520	1580520	พาร์ทเนอร์เพื่อโดยการรักษานี้
1580520	1582520	ต่อไป
1610520	1612520	มีพวกมาลติสเปคตาม
1612520	1614520	ที่มันจะเห็นว่าความจรนตรบตก
1614520	1616520	ของต้นไม้อะไรต่าง ๆ
1616520	1618520	ที่มันจะช่วยได้
1618520	1620520	เพราะว่าจริง ๆ ผมเคย
1620520	1622520	คุยกับทาง TGO ด้วยครับ
1622520	1624520	เรื่อง Carbon Credit
1624520	1626520	ที่เขายังต้อง
1626520	1628520	เอาไม้มาส่องอยู่
1628520	1630520	เขาจะต้องวัดต้นไม้แต่ละต้นในแปลง
1630520	1632520	เพื่อคำนวนค่า Carbon Credit
1632520	1634520	ก็เคยเลยลองพวกนี้อยู่
1634520	1636520	และอยากสอบถามดูว่า
1636520	1638520	ในฐานะผู้ผลิตโดน
1638520	1640520	ว่ามีลูกค้า
1640520	1642520	จะเอาไปใช้เพื่อเอาไป
1642520	1644520	เสอร์วิชแบบนี้หรือเปล่า
1644520	1646520	งานลักษณะ
1646520	1648520	ทางด้าน
1648520	1650520	ถ้าเคยเห็นจะเป็นพวกงาน
1650520	1652520	เซอร์เวย์งาน
1652520	1654520	ทางด้าน Sea View มากกว่าการเกษตร
1654520	1656520	เพราะว่าบริษัทพวกเซอร์เวย์
1656520	1658520	ก็จะมีเครื่องมือพวกนี้เยอะ
1662520	1664520	มีคำถามต่อไป
1664520	1666520	ตอบกัน
1674520	1676520	ขอสอบถามหนึ่งครับ
1676520	1678520	ประจบันมีลูกค้าที่เหมือนว่า
1678520	1680520	ไม่มีความรู้เรื่องเทคโนโลยี
1680520	1682520	เขาจะสามารถเหมือนว่า
1682520	1684520	ใช้โดนหรือใช้บริการ
1684520	1686520	เกี่ยวกับพวกเทคโนโลยี
1686520	1688520	ด้านอาคิเทคได้ไหมครับ
1688520	1690520	ตอบแค่นั้นว่า
1690520	1692760	ไม่มีคน
1692760	1694520	จะมีคนที่ไม่มีความรู้เลยขนาดนั้นมั้ย
1694520	1696520	ก็อาจจะ
1696520	1698520	ผมก็ไม่อยากดูถูกเขา
1698520	1700520	ขนาดนั้น เพราะว่า
1700520	1702520	ทุกวันนี้เราจบจะมองว่า
1702520	1704520	เขาไม่ค่อยไฮเทคแล้วกะ เตรน automation
1704520	1706520	fino 5 ปี
1706520	1708520	อาจจะเป็นแบบนึง einer
1708520	1710520	มาทุกคนมีมือถืออยู่แล้ว
1710520	1712520	เขารับข้อมูลทางโซเชียล
1712520	1712520	
1712520	1714520	เขารับข้อมูลแบบนี้
1714520	1716520	เขาดู tiktok
1718520	1720520	นักบิ้นกระเศษหลายคนก็มีคลิบ tiktok
1720520	1722520	แล้วก็เขาก็ follow กันดู
1722520	1724520	ว่าเทคนิคการทำกระเศษกรรมเป็นยังไง
1724520	1726520	กะเศษกรรมส่วนมากพักประจวนเนี๊ยะ
1726520	1728520	เข้าเถือนเทคโทรงงี้อยู่แล้ว
1728520	1730520	แล้วก็
1730520	1732520	การที่เราลงพื้นที่
1732520	1734520	คือว่า
1734520	1736520	flow การงานเขาเป็นยังไง
1736520	1738520	software เราก็ออกแบบมาเพื่อให้มันชายงานง่าย
1738520	1740520	เมนูต่างๆ เราก็ทำเป็นภาษาไทยในภาษาที่เขาเข้าใจง่าย
1740520	1742520	เมื่อเทียบกับท่าของต่างประเทศ
1742520	1744520	อย่างหนูอยวัดเนี้ย
1744520	1746520	เห็นได้ชัดเลยต่างประเทศอาจจะเป็น ฮ็กเตอร์
1746520	1748520	ในไทยเราใช้
1762520	1764520	คำถามบทบรรยายธรรมอิสลาม
1764520	1766520	อ.อิสมาแรม
1792520	1795520	อ.อิสมาแรม
1822520	1824520	อ.อิสมาแรม
1882520	1884520	อ.อิสมา อ.อังกฤษ
1884520	1886520	อ.อิสมา
1888520	1890520	อ.อังกฤษ
1890520	1892520	อ.อิสมา
1900520	1902520	อ.อิสมา
1902520	1904520	บทบรรยายธรรมอิสลาม
1908520	1910520	บทบรรยายธรรมอิสลาม
1910520	1912520	บทบรรยายธรรมอิสลาม
1912520	1914520	อ.อิสมาแอล วิสุทธิปราณี
1940520	1942520	บทบรรยายธรรมอิสมาแอล วิสุทธิปราณี
1970520	1972520	บทบรรยายธรรมอิสมาแอล วิสุทธิปราณี
2000520	2002520	อ.อิสมาแอล วิสุทธิปราณี
